,0
0,../Dataset/005887c9-4bb1-4f13-86b2-1c7b3cee0881.ogg
1,../Dataset/009e762a-b4f7-41a6-a419-b4ca51be88ec.ogg
2,../Dataset/00a0156b-7179-4773-8a2c-4bb919e076bd.ogg
3,../Dataset/00a31212-7c64-4649-b78b-4c7d9ce3156e.ogg
4,../Dataset/00f4a67a-bdce-484d-b38c-e73c84799074.ogg
5,../Dataset/027781e8-4106-4a88-a3f4-f555d957752e.ogg
6,../Dataset/02877709-f7ea-4789-9526-1e1f47cafb3f.ogg
7,../Dataset/029685b5-d06b-44ea-9ad9-6f6134438c67.ogg
8,../Dataset/02986b04-14ae-4331-a783-9245f4cc7786.ogg
9,../Dataset/02def005-fb2b-46aa-97ce-66262fb6f93d.ogg
10,../Dataset/0381caa3-fe32-4b67-9870-e254c9518e44.ogg
11,../Dataset/038593b5-6baa-4b8f-84fa-96ddda9736b0.ogg
12,../Dataset/03d858ee-ed0d-4c4a-8bae-7a6b9e66311a.ogg
13,../Dataset/043e6bf3-8924-4d51-9109-0074d5afa9e1.ogg
14,../Dataset/045364d1-30c3-4784-a51f-48f791b913a1.ogg
15,../Dataset/0501b264-3cd7-49f2-aa71-9cdcc6a3a6aa.ogg
16,../Dataset/05688744-5e34-43b5-9bcc-ced86fb0fc68.ogg
17,../Dataset/059091a7-891b-4439-a585-be8774d0d5b3.ogg
18,../Dataset/05a98293-2ff3-4d00-b79f-ad49ba5b64f1.ogg
19,../Dataset/064a270a-b0cf-46b9-bd90-b0fddb73e723.ogg
20,../Dataset/066583c2-d718-41c8-8e9c-9c4b1e0f17df.ogg
21,../Dataset/06a3ee3b-05c0-4f77-a669-0cbaffcdbdf0.ogg
22,../Dataset/06c3acd2-d6e2-4e80-a3d5-9ea2b819b541.ogg
23,../Dataset/06f20af8-689b-4d6e-83e8-485834a32acc.ogg
24,../Dataset/070b4c08-88e7-4a9d-9462-3d26fe792c2a.ogg
25,../Dataset/07397e2f-b124-469f-8179-2d90c60d5fc4.ogg
26,../Dataset/0762a05c-1356-4058-af32-ed09fc495f84.ogg
27,../Dataset/08b42c4a-cb53-4e97-b49e-21727aefaabd.ogg
28,../Dataset/08e2e4d1-c59b-4ff2-a09f-4698e28f604f.ogg
29,../Dataset/091f4e75-dd27-47cb-852a-b23923cdd804.ogg
30,../Dataset/09c0a003-643f-4e0d-a0c6-e1ff8f70ca44.ogg
31,../Dataset/09c410f3-aab8-469d-b4eb-b08f9341fefe.ogg
32,../Dataset/09f62049-ffb1-4a5c-967e-9669bba37fb7.ogg
33,../Dataset/0a1ddb3b-5c7b-427b-a7a6-34158fac03fe.ogg
34,../Dataset/0a4fac08-20af-4243-b4c5-3879efd63dba.ogg
35,../Dataset/0b11a8d8-29d5-4133-bc92-edd442330fb1.ogg
36,../Dataset/0b2389c8-7dea-4b05-91d2-ee885199256d.ogg
37,../Dataset/0bf9d176-1f52-4b1a-b247-56a0f2b94374.ogg
38,../Dataset/0c1e2e8e-b55e-42d0-a3ab-f2da5cd060ac.ogg
39,../Dataset/0d19fa50-5300-4e28-8a67-b2520feeb280.ogg
40,../Dataset/0d789e28-1f46-4672-8523-94e0237c1595.ogg
41,../Dataset/0db78979-06e5-4265-ba10-74f2bd05cc6f.ogg
42,../Dataset/0ec21acc-d92b-46c3-8228-04ea2b3eccad.ogg
43,../Dataset/0ee014d2-f4ec-4ca6-82ec-41f34729a9cd.ogg
44,../Dataset/0f4d7997-07c5-48a7-af54-9c162f154756.ogg
45,../Dataset/0f728f40-f362-447a-81b6-4947e42b3dbc.ogg
46,../Dataset/0fae7f09-bd3f-4107-b4e5-1be907ab9c6d.ogg
47,../Dataset/0fb1174f-7ebd-4b31-9344-55efbed24156.ogg
48,../Dataset/10524569-014f-4744-81c5-32ddabb46dce.ogg
49,../Dataset/106f9e95-30ff-41fd-9c4a-5ad3617175d8.ogg
50,../Dataset/10904485-536e-408d-b3ea-a8668d271327.ogg
51,../Dataset/10c45f18-eea6-4574-9ba0-7449e4e21dc1.ogg
52,../Dataset/10cd5626-4440-475f-8cc8-c3b7083cb3d4.ogg
53,../Dataset/1236a3a8-5c5c-4bad-baa5-def6bd33b226.ogg
54,../Dataset/1266d596-9264-45fb-8cff-296c0d404a35.ogg
55,../Dataset/126c8949-06ca-4636-a8c7-c8f98eeb81fc.ogg
56,../Dataset/1278ade5-08ec-4993-b5f8-8b8cf522e7be.ogg
57,../Dataset/12fa0fa6-789a-401b-ac9c-4a275044a0d9.ogg
58,../Dataset/131b91e8-7d1d-4fff-b733-e7f6e066558e.ogg
59,../Dataset/136f309b-8c1d-465f-962f-0e73ec66f143.ogg
60,../Dataset/137088b1-c227-4d56-91c4-ebcb941dbf0a.ogg
61,../Dataset/13f937f8-3a3f-43f6-b7dd-51899c1e31a8.ogg
62,../Dataset/146144cb-ba2e-41fe-aed4-75835f0f268f.ogg
63,../Dataset/14dffdb9-4a5e-48c4-972f-aea0e510e988.ogg
64,../Dataset/155af887-ff41-4047-b602-7acdabf7bd92.ogg
65,../Dataset/158dbe27-c9f0-4e9a-845e-0a26e1ce2ea4.ogg
66,../Dataset/15917c18-bc02-4662-a1e1-786cc9bb837e.ogg
67,../Dataset/15f9e47b-93e6-4bef-bb1b-75c9341c0e8c.ogg
68,../Dataset/16346c4f-3383-4471-9074-afba6d824c7b.ogg
69,../Dataset/167b1c65-40e6-4330-8dc7-d51d735ccdab.ogg
70,../Dataset/17022b71-56b2-403e-9da9-097810159d4a.ogg
71,../Dataset/1705ab9a-a039-47f1-88c2-bff9911e3b02.ogg
72,../Dataset/1796e9dd-2cd1-4cce-b17f-f3ca743e54c5.ogg
73,../Dataset/17ab8401-cf43-42dd-b1f9-874059e35968.ogg
74,../Dataset/17ed8cbb-f15c-4fac-8f03-c95c50fc0e0d.ogg
75,../Dataset/1830e097-2803-4208-9180-35e80fdbac2a.ogg
76,../Dataset/18388cb0-4c9d-4a5e-a4b5-eb55b3dd68ee.ogg
77,../Dataset/18514060-f135-4209-9a72-0bc26b5b01ce.ogg
78,../Dataset/185a4a0f-462a-49a6-9b2d-7d5a50b8a567.ogg
79,../Dataset/189d21ea-4eef-4da8-a3f4-d16db18edc25.ogg
80,../Dataset/18bbaf6e-f8d2-4492-b5e8-b6e94a86f319.ogg
81,../Dataset/18de0231-7be8-4071-ad6f-1941e675fc34.ogg
82,../Dataset/18f06b2b-a3ca-491d-8bba-6bfc6a228b5a.ogg
83,../Dataset/1907b7c9-a9e1-4244-8b41-1f277aa1266a.ogg
84,../Dataset/191371a5-1ceb-48a1-bc0c-b65d44399632.ogg
85,../Dataset/192e6a5b-709f-4fa2-ae89-57fe05cb9e9a.ogg
86,../Dataset/19654d11-2cef-46ec-8007-4a4c7bea60af.ogg
87,../Dataset/198de955-e5ad-4519-aaa5-f76c360c4d37.ogg
88,../Dataset/1a06cc26-1a79-4d2e-a596-b6f2904e9523.ogg
89,../Dataset/1a6084d5-9a6e-45ac-8f7b-9fdd2836e0fe.ogg
90,../Dataset/1a9b5175-9d39-4b44-b95f-b26904d6d850.ogg
91,../Dataset/1b242487-86a5-4cd5-9a1b-455765f49e7b.ogg
92,../Dataset/1b32ac32-49c2-4334-b90e-406dbfdb63ec.ogg
93,../Dataset/1b444b5c-7013-4e3c-88db-b41f3f2c7ad8.ogg
94,../Dataset/1b5170c8-e53d-45eb-bb30-d465a114fec9.ogg
95,../Dataset/1be58eb4-f11a-4977-a1cd-07658f6befa7.ogg
96,../Dataset/1c2060e4-e207-4fe0-a0f7-5a5d08d1de2b.ogg
97,../Dataset/1c2574a9-f81e-405b-90f7-e18e525bc7e4.ogg
98,../Dataset/1c26ef49-17b3-47fe-b700-295373fdedb8.ogg
99,../Dataset/1cc2ba3a-b795-4902-8b64-cf1d8469c843.ogg
100,../Dataset/1d0dab8f-ab22-4b7b-865d-4700befaa68d.ogg
101,../Dataset/1d3efa17-4f8b-48ef-9dd8-47ac6b0247f7.ogg
102,../Dataset/1d52ac12-0361-4154-a9f7-e526491112a9.ogg
103,../Dataset/1d53487c-eb9d-430a-a3ee-74cfc1622faf.ogg
104,../Dataset/1d6cb7bf-b926-433a-bf6e-0d8ce43d02c9.ogg
105,../Dataset/1e626433-2337-4b56-920c-9ff016a59770.ogg
106,../Dataset/1e6afa58-5f61-4350-b567-5e2e7b3efcbf.ogg
107,../Dataset/1e743bc7-40b5-49a8-8fa5-63428117fe6e.ogg
108,../Dataset/1ed60996-1488-407f-a623-4659bcc057ca.ogg
109,../Dataset/1f650eeb-f9d9-40f7-9155-ed82c26abd88.ogg
110,../Dataset/1f7ab260-6733-4f71-9235-4a1ec9571bd0.ogg
111,../Dataset/1ff0aceb-818e-4894-a101-dbb6bb54add2.ogg
112,../Dataset/207bdf47-feb5-4615-bb90-0ab0c4363e05.ogg
113,../Dataset/20a7f59c-9d3e-4f42-8d5f-5a49c56597b7.ogg
114,../Dataset/21467ef9-1bdd-422e-be69-dbaeccf7e33e.ogg
115,../Dataset/21c17fbf-2f1d-4cc1-aece-c04afe52eea7.ogg
116,../Dataset/21c24fbd-a70c-43c6-9e2b-64f32775c246.ogg
117,../Dataset/21eecf83-e681-46d9-b4b4-3d995ac25b97.ogg
118,../Dataset/2218a81f-68fd-4154-9a07-5c372a552991.ogg
119,../Dataset/225d8b58-3b83-4aa3-9ade-448880f60c2e.ogg
120,../Dataset/2269aeca-cac9-4151-8120-fd55a7912805.ogg
121,../Dataset/22953e1d-f73b-4ae4-8048-b5ef6a39020e.ogg
122,../Dataset/22a325e3-0ad4-4b34-b3c6-bc7012f1feb4.ogg
123,../Dataset/22ca9adb-72d3-4dcf-b014-8842f0edef8e.ogg
124,../Dataset/22f91372-ad21-4d9d-a235-8279eefad7d8.ogg
125,../Dataset/23784907-ffd8-42ec-b743-4b74799d0e3c.ogg
126,../Dataset/23ce7353-b0e9-4c90-b34d-bcf5170252a7.ogg
127,../Dataset/2405a4e8-af80-4fbf-86c8-4ad9d1731acc.ogg
128,../Dataset/24aebb30-767f-4042-838b-2ded8495660f.ogg
129,../Dataset/252df57d-6cdb-4ac2-916e-9165ff43c899.ogg
130,../Dataset/25ab37b9-d240-437f-952c-ee2460f6c20b.ogg
131,../Dataset/25b4f2e9-c4b4-442f-a731-941bee5e2c11.ogg
132,../Dataset/263a32c2-1d1e-4b37-9379-13d5c18dba5b.ogg
133,../Dataset/263d4659-420f-4ced-bac6-4351c22dcf54.ogg
134,../Dataset/266a9266-9c67-425a-9a92-304f09634832.ogg
135,../Dataset/26988a3f-618d-4161-aa5a-9bcd9a665168.ogg
136,../Dataset/269a05c6-4e42-4af3-8c8d-fcdf0d6b9fc4.ogg
137,../Dataset/26a16c78-c7f7-4244-9618-3f258bd6541b.ogg
138,../Dataset/26eebd4d-0aec-497b-8783-01768e9eca9b.ogg
139,../Dataset/26efffe0-bd92-414a-a978-bde8f3613de5.ogg
140,../Dataset/2711088c-77bf-41eb-b5e1-6cd3e698cc8c.ogg
141,../Dataset/27581ae0-75a1-42a3-8303-79650e40140d.ogg
142,../Dataset/27c1a541-e231-4df6-9a93-d3a9f96fe2d5.ogg
143,../Dataset/280e3d71-9e10-4637-96c7-8e22d8e95eb5.ogg
144,../Dataset/2825b77e-7169-41a1-8570-498579487e72.ogg
145,../Dataset/28864479-8097-4db5-8d1a-0bde2d8b757c.ogg
146,../Dataset/2890f10e-1731-413a-a7c7-eb405d9f7da9.ogg
147,../Dataset/28d0e859-6c84-439a-bbd6-7753ff6cd950.ogg
148,../Dataset/28d17242-1ea9-401d-a64f-6b7e1b0b7bbc.ogg
149,../Dataset/2987fa4c-afb0-4961-983c-ea88aee3f038.ogg
150,../Dataset/2997656a-6ba6-434c-9fd4-e52760d3ecf9.ogg
151,../Dataset/29a80f38-8fd3-4d8e-a31e-7ed282697f1f.ogg
152,../Dataset/29ad5545-58db-4e0e-996b-b135ca3b2930.ogg
153,../Dataset/29f97a3d-3a9a-4836-8552-72387502f401.ogg
154,../Dataset/2af98a92-3cd8-43ae-9493-7cddf0075edf.ogg
155,../Dataset/2b916a15-ccb0-4946-8567-be528a7b0607.ogg
156,../Dataset/2bef1ec6-0d3a-4d4a-bf7f-dcd2d1d834c9.ogg
157,../Dataset/2c1877ec-7a96-4223-a28b-3188e5bbb55e.ogg
158,../Dataset/2c52f0e7-bcc4-45bf-b335-0bcf11464cd0.ogg
159,../Dataset/2dd7dcf1-1065-4779-98ae-7e152ca3b1d5.ogg
160,../Dataset/2e13a06c-1af6-44db-96f7-67a867608759.ogg
161,../Dataset/2e184484-60e8-48f8-aed8-503ac57aedea.ogg
162,../Dataset/2eb7cd51-1e05-458d-9b3c-5abaafbf4d55.ogg
163,../Dataset/2ec9faa4-b837-422d-bb60-042f1d5aef48.ogg
164,../Dataset/2f48585c-23f5-4941-92d2-68d592ead63d.ogg
165,../Dataset/2f7a3c31-cdfa-4730-8874-6c6ab562b4ba.ogg
166,../Dataset/2f96a333-da34-40aa-ac4b-52a70f46c506.ogg
167,../Dataset/2fe3f280-3982-4d71-840c-ea14df087120.ogg
168,../Dataset/2ffd35d5-9cba-49f6-9fb8-fe671af08355.ogg
169,../Dataset/30077c18-25c2-49b0-9a2e-8e1dc32b6ecb.ogg
170,../Dataset/30590d1c-229c-402c-bb91-2f3182bbbd54.ogg
171,../Dataset/306d03f9-ed76-4478-a499-2da6182edeb0.ogg
172,../Dataset/3080d207-8309-4428-bf58-39ebe58819ed.ogg
173,../Dataset/30ee58d7-23d1-46fe-b96e-e781cc43cb09.ogg
174,../Dataset/30f81eef-912a-469b-bd82-256be85ea695.ogg
175,../Dataset/310f7364-eb1a-4b9f-b3d1-50c91f188cfb.ogg
176,../Dataset/3130cf8b-6d3d-4dff-a91c-75545e8c9d8d.ogg
177,../Dataset/31a33c5f-db24-4c18-8eed-d999fb8f1e17.ogg
178,../Dataset/31b77bbd-9fc9-4f13-9c3f-e0be8aa58e29.ogg
179,../Dataset/31b9cbe0-d29b-405e-8adb-0152107fda26.ogg
180,../Dataset/322c9ea9-9a1e-4112-8666-23235b9977e4.ogg
181,../Dataset/324b98fc-c26f-4c41-88b8-8493d9f68639.ogg
182,../Dataset/32682dd4-25a9-4d45-a135-d0fd08c9ec70.ogg
183,../Dataset/3280a753-13e3-4c3e-b75d-6bab196ff11a.ogg
184,../Dataset/32a4ded4-a4af-4d05-9683-6affc30d35a8.ogg
185,../Dataset/332ab58f-9728-4cea-9960-c49151120510.ogg
186,../Dataset/333ca4a1-557a-4be5-b2e3-9e572b3132ff.ogg
187,../Dataset/33a2d6f8-da51-4de6-9293-771e879b6352.ogg
188,../Dataset/33d0b3e6-e514-48bf-b478-64428d99535b.ogg
189,../Dataset/33d0c1cf-eb77-429e-a4cc-e94ea1f05626.ogg
190,../Dataset/33d54956-31de-4a8e-86a2-9fa3838c2374.ogg
191,../Dataset/33e1e2f7-aef7-4bdb-bbb6-7e37b2df0559.ogg
192,../Dataset/34191fb6-7fb8-4cbf-a5cf-ea458bf4107b.ogg
193,../Dataset/341ff20f-b75f-4d5a-8ee9-38ba198ed6ec.ogg
194,../Dataset/34ed92ba-3dbd-4f66-9ded-3f6e6261b14b.ogg
195,../Dataset/351abdf2-5bc3-4b12-ba32-c5b3aa57ebfd.ogg
196,../Dataset/35c173f1-4ca7-4cc8-a569-a3d606fa7ef5.ogg
197,../Dataset/35cdb63c-cc79-46b6-b052-c144ff1dd138.ogg
198,../Dataset/35e2c463-522d-4efc-a65a-364f7e97a85c.ogg
199,../Dataset/36547fa5-0885-4651-b34d-65fd62180b9b.ogg
200,../Dataset/3684f9ec-1c6e-4d5e-9f95-1bb152ff7eb8.ogg
201,../Dataset/3697bab4-07cf-4db6-80ce-005572809cd8.ogg
202,../Dataset/36d6fbbd-fdad-4911-bf23-2bfddd6b9e62.ogg
203,../Dataset/3714fa0a-7113-4ef7-852d-674bbede3aae.ogg
204,../Dataset/3735a357-7018-42b5-a87e-fa4456cb709f.ogg
205,../Dataset/373fb4c1-18c1-45bf-ab2d-c3a628a8a9c1.ogg
206,../Dataset/3745dcf1-124c-4661-8d98-74541f947c00.ogg
207,../Dataset/37ce0a5e-388d-4de3-82d0-8503660fe783.ogg
208,../Dataset/37f1d0c3-c75a-4942-9ed0-4b7cd99bca55.ogg
209,../Dataset/3807babb-ce3e-48f9-8eb7-6ad7137e1443.ogg
210,../Dataset/3824bfa6-f4ed-4b2b-8924-568e3dae4484.ogg
211,../Dataset/3832577b-853a-48c9-a3a1-30401e64e93e.ogg
212,../Dataset/38593987-2561-42cc-8ee7-731ad1312073.ogg
213,../Dataset/38631635-680c-41f4-b3af-328ff762558c.ogg
214,../Dataset/38cb1422-32a8-4697-b8e0-8c29974e0b7a.ogg
215,../Dataset/38d66654-7084-451d-b9f4-04172c3dc5fd.ogg
216,../Dataset/3910bae8-6734-4712-aad3-c28ca7033418.ogg
217,../Dataset/398447df-fe65-41b9-b4f9-96f546c371f9.ogg
218,../Dataset/39f116dd-7f91-412b-ad7b-034b447bbbe8.ogg
219,../Dataset/3a2ca593-e0c1-4edc-800e-41d009bf5650.ogg
220,../Dataset/3a50755a-3269-4738-9b34-a0546257e9a6.ogg
221,../Dataset/3ada8e7e-3f19-437d-80a1-9610ea1fb9da.ogg
222,../Dataset/3adc3546-90a5-460c-b451-a3147509a80d.ogg
223,../Dataset/3ae7453e-7297-466f-80ad-296aaa8bef55.ogg
224,../Dataset/3af57e76-dce4-4f95-b97f-6162b988675d.ogg
225,../Dataset/3bb5146d-3927-4704-add4-e72f2ad00ae2.ogg
226,../Dataset/3c1213ca-d6ff-4346-ad94-49766507e167.ogg
227,../Dataset/3c3677f8-3a63-4854-bc7d-e917e0708b24.ogg
228,../Dataset/3c471a8e-5999-47b5-8c75-b86524a3af7f.ogg
229,../Dataset/3cb4dbb6-d191-4331-bcdb-eec0f100484a.ogg
230,../Dataset/3d8b5701-1e38-4a0e-b607-2260e41a79ea.ogg
231,../Dataset/3daeb562-23ab-4e42-b642-1f1678c3687f.ogg
232,../Dataset/3e340f8f-a554-4997-bb46-6f4f61a248ea.ogg
233,../Dataset/3e6c4fe1-b681-48d7-a576-5c4ddee41c70.ogg
234,../Dataset/3efd915e-4d1e-4361-97fe-6c524772b603.ogg
235,../Dataset/3f2bc82e-4f04-4a14-b080-571686c333f5.ogg
236,../Dataset/3f992dca-637c-441d-9499-8af3b2eb954b.ogg
237,../Dataset/3fc24090-97ca-42fd-bb8b-8449c6c86213.ogg
238,../Dataset/3fe1cd87-8c21-4f3b-9676-a7cba41e702c.ogg
239,../Dataset/40719919-c505-4426-8828-5905738d9045.ogg
240,../Dataset/40741ed0-afaf-4288-8420-fdd8c94ec67e.ogg
241,../Dataset/4262775f-b434-493a-a482-21f81bb0c9d6.ogg
242,../Dataset/4268d511-a502-45ef-afc4-47391320d15d.ogg
243,../Dataset/427bce4d-5116-4b81-a1c3-4cc811769fb0.ogg
244,../Dataset/42927339-5646-4186-a118-393e5423d8d8.ogg
245,../Dataset/436d5dc8-f9f6-498f-a93d-9c724b3aa210.ogg
246,../Dataset/4387de35-7fb2-4c5e-b2e9-2758d24380e3.ogg
247,../Dataset/43d59755-1f61-4051-a697-53866b0e4ca3.ogg
248,../Dataset/43fa901f-d9bd-41c4-aebf-fde42864a2e5.ogg
249,../Dataset/44087096-4e3a-4718-85ba-4b9324665155.ogg
250,../Dataset/440c9632-c230-4604-b6d0-386f40a779f7.ogg
251,../Dataset/444ce8d3-b549-4887-b9f3-80e85dc786f3.ogg
252,../Dataset/444f71b5-613e-41ea-bf5b-76ac044b6939.ogg
253,../Dataset/44ad66c8-dffa-4fea-97ea-5da42356fdb6.ogg
254,../Dataset/44ef29a4-f235-4dcc-acc0-0321e1f90f3b.ogg
255,../Dataset/45c1f2e8-5f7d-4a70-acd8-ea88519ce05b.ogg
256,../Dataset/45ea6196-7a94-4847-b139-a68a3a0e9242.ogg
257,../Dataset/460d4016-9901-44d2-9466-c86ecc3278d2.ogg
258,../Dataset/46670246-b846-453c-bed6-6885c0731202.ogg
259,../Dataset/46689d59-38cc-49d8-9305-4b5e2bfb4681.ogg
260,../Dataset/466b0da6-f5b2-465c-bb9e-c4b5a9d2ae40.ogg
261,../Dataset/4757f8b2-708f-4974-b29f-baad445a7072.ogg
262,../Dataset/477dab84-bea0-4939-ad87-978db8662d25.ogg
263,../Dataset/47897545-12aa-44d9-96ca-7f661d4e735d.ogg
264,../Dataset/47b83f84-66c7-4120-a9bd-3ad812a50d89.ogg
265,../Dataset/47dcd9b1-b610-410a-971d-fe8a457e1489.ogg
266,../Dataset/47f7b266-9d66-4fd1-8d5c-2690fa200f04.ogg
267,../Dataset/484f99bb-2356-4c37-a667-4b74822637ed.ogg
268,../Dataset/48612d1a-75c7-434d-b01b-fd945a144dc8.ogg
269,../Dataset/489070e4-ac6b-4180-8d6e-b8595fe31a4a.ogg
270,../Dataset/48a16be6-8d83-4448-b706-a4ec2e8bf085.ogg
271,../Dataset/48e7de9e-e99a-41c6-b314-6a5bab6f94fc.ogg
272,../Dataset/48f84033-8615-4805-b2a5-d84050d3951b.ogg
273,../Dataset/49173323-7d8c-4299-b8ef-3f7ae8c5e187.ogg
274,../Dataset/491c7887-7b24-465c-8166-412dec6aaab4.ogg
275,../Dataset/498039f4-0286-46b2-b1ce-c9d9f862abe3.ogg
276,../Dataset/498d64dc-e551-4fe1-8da3-ba533134d950.ogg
277,../Dataset/49cb0077-b389-4563-81c5-56cef6fa019e.ogg
278,../Dataset/49f6f106-4088-4af1-9415-a03b4c596dbe.ogg
279,../Dataset/4a988687-7cc3-4933-b0ea-a55d2d881f58.ogg
280,../Dataset/4a9c9710-1e9f-4ef5-a712-4eafa70dcd21.ogg
281,../Dataset/4aa43f9e-7d1c-442f-b774-29886be6d22d.ogg
282,../Dataset/4ad7f735-eee2-41d2-b6c4-452a38b797e4.ogg
283,../Dataset/4afa9f79-e299-4fc7-b3b3-74c3a1f5f35e.ogg
284,../Dataset/4b5f40f0-c296-4a49-a8fa-912cd41bf2bb.ogg
285,../Dataset/4bb7e64f-6f87-4e46-8e00-abc8a5c93993.ogg
286,../Dataset/4bc00277-2024-48cd-bce4-6203766f0a94.ogg
287,../Dataset/4c08d0fa-e52f-4e57-a69e-f66153d0a7c1.ogg
288,../Dataset/4c9ad4fe-35b4-4f45-bc0b-49a0460ff9b5.ogg
289,../Dataset/4c9d483e-e4f4-470d-94eb-8b83bf1aacf8.ogg
290,../Dataset/4d608f75-dd73-427f-95e8-3e6a2e08393f.ogg
291,../Dataset/4d7c0413-275a-41f2-a7f0-a8feadf35729.ogg
292,../Dataset/4d86b352-ff7b-47c2-a289-c4fe8621eaf0.ogg
293,../Dataset/4dac7527-c2c7-4e68-9005-df8c8e087d99.ogg
294,../Dataset/4e030c57-eb04-4207-9d73-cfe610aba2be.ogg
295,../Dataset/4e0c6e9a-61b3-4622-b8c7-3caaac2d19e3.ogg
296,../Dataset/4e8879c1-aafd-4f43-98e9-c278dc53421f.ogg
297,../Dataset/4eb2a3c7-7ca4-48ff-bbeb-aca25c5f1cde.ogg
298,../Dataset/4eec3002-43f3-477b-bd24-bc2ba1fd920e.ogg
299,../Dataset/508fb760-bf4d-4eed-9fcb-db7bd0e082b7.ogg
300,../Dataset/50e4574d-0fa7-4fa0-977d-394644797b1b.ogg
301,../Dataset/50f5d8e1-db8a-4246-bc48-f73db0019bc0.ogg
302,../Dataset/51df860d-74e1-4f7a-852b-710bf0813816.ogg
303,../Dataset/525547b9-5ccc-473e-a783-ca9b24c9869f.ogg
304,../Dataset/52555b24-7dd4-47ec-86c3-6beb588be0a2.ogg
305,../Dataset/52f91f68-31d3-46a1-bed1-844cbc58d646.ogg
306,../Dataset/531d1293-6ba1-4aa5-aac9-b10a1cddbeee.ogg
307,../Dataset/533553f6-ddb3-4d32-b1b1-97ac826b9e0c.ogg
308,../Dataset/5387e9c6-f7cb-4f9f-9b2c-750ed901e34f.ogg
309,../Dataset/53c3242b-e7aa-4cb1-bc8f-e4dc70c57ee9.ogg
310,../Dataset/55725d3a-6aa0-44f8-8919-bbf1be7844e2.ogg
311,../Dataset/559f90b2-abe1-49ff-a25a-90a022674927.ogg
312,../Dataset/560913cd-aa46-43a1-86eb-3ad17ff51374.ogg
313,../Dataset/560f047e-97b6-4e9f-a77d-33c29bb3eba2.ogg
314,../Dataset/5653fc72-e721-46df-b4e4-c2f59de1e294.ogg
315,../Dataset/5658c411-cd2e-471d-a0b6-c8126c68da28.ogg
316,../Dataset/56cf0933-9f05-4181-bace-533a4062199c.ogg
317,../Dataset/570351a0-6f55-4fbf-980a-3036f5aab02c.ogg
318,../Dataset/5739a29d-b21c-4608-919f-23cd044cecac.ogg
319,../Dataset/57726aeb-33fd-4cb4-87be-2cb100b7b0a5.ogg
320,../Dataset/57cc083f-ba22-4a41-8b41-27a7367877fe.ogg
321,../Dataset/587204a9-b8d4-4f10-b70c-cbf2db847af1.ogg
322,../Dataset/588e54c8-7022-4f00-a0c5-45162dde66d4.ogg
323,../Dataset/58f26bb7-b25a-480b-aba5-551baa2b118d.ogg
324,../Dataset/59840665-6603-49ca-83b9-8bf9d91403c8.ogg
325,../Dataset/5993407b-34d1-41e7-85ae-66db599054fe.ogg
326,../Dataset/5bb49fbf-5d5c-4468-9981-0d6f43934d68.ogg
327,../Dataset/5becba20-80e0-4bba-a1de-8c93b90d1fa5.ogg
328,../Dataset/5c0f513b-bfde-46a3-b5d3-58613e07fe8f.ogg
329,../Dataset/5c224fa4-6c8d-4b57-8230-6a7d76bc4849.ogg
330,../Dataset/5cdfa760-0ec8-4edc-b798-f0ffd0f38565.ogg
331,../Dataset/5d2dc00c-47ec-44ad-87ce-88abac587b02.ogg
332,../Dataset/5d479f33-b898-4757-b340-5a173eaecd30.ogg
333,../Dataset/5db881fb-2542-4c8b-b395-c461a53666d7.ogg
334,../Dataset/5e064274-9b13-4c68-a358-b18f7f3e1534.ogg
335,../Dataset/5e763565-d9d9-45d1-9586-807afe7bb6b2.ogg
336,../Dataset/5ecaa380-71b2-4e5a-afe9-61e6815f267a.ogg
337,../Dataset/5f2b6711-5424-4f7f-8f8c-7cf972d2460a.ogg
338,../Dataset/5f4d3392-bd0a-49a5-9f01-17a9cb0c6bda.ogg
339,../Dataset/5fae4c8d-d1f3-4bcb-8dde-adc737d32afa.ogg
340,../Dataset/5fb9436f-a7b1-4e15-b955-c0230f3b30ab.ogg
341,../Dataset/5fc7a4bc-ea1b-4a7d-ab2d-b5e7567f57da.ogg
342,../Dataset/5fdc4eea-db3b-4824-ac44-af0a70bd385c.ogg
343,../Dataset/6071255b-8bbb-49ea-8731-acc58153f716.ogg
344,../Dataset/60b4e2c2-1258-4740-a10f-587d7775c65d.ogg
345,../Dataset/60ba097e-76f1-4406-902f-5c0b8c3470b4.ogg
346,../Dataset/61030c28-b42a-48d0-815e-d29804cd917b.ogg
347,../Dataset/61519aed-2918-4a6b-8b57-7d90f9dc27b6.ogg
348,../Dataset/6169ee3e-2180-4e9a-bf07-1e096b85356a.ogg
349,../Dataset/616a44b6-9a50-4821-a356-b74f0df2c096.ogg
350,../Dataset/61764b5f-2763-45bf-82f9-c1c564c9b2b8.ogg
351,../Dataset/61e96a7c-42e5-4241-81d6-c7db1814a422.ogg
352,../Dataset/62704586-e419-4bc0-81e7-b934a417f427.ogg
353,../Dataset/6284c5ff-5205-45d9-b96b-4e4a4a2ff3ea.ogg
354,../Dataset/6285fd30-4e30-43c0-aff4-2d5e2f6557a2.ogg
355,../Dataset/62ab9caa-f2aa-481d-913c-2c050a406e30.ogg
356,../Dataset/62b3ad2f-8e86-4522-8b17-c39337eece14.ogg
357,../Dataset/62f50f79-1009-4e83-a5da-6f2705e5aca6.ogg
358,../Dataset/635065b8-6f68-4ec3-81bb-d53e3f808d2b.ogg
359,../Dataset/63779d92-f15e-4e56-b37c-31ca4b2c9c34.ogg
360,../Dataset/63ba6830-f8e2-4b42-8759-56b682fe5bd4.ogg
361,../Dataset/63dd730a-d099-4ecc-8599-66a29e8bad81.ogg
362,../Dataset/64117c4c-1389-4044-8cb0-b957eb07e052.ogg
363,../Dataset/64126506-0f32-4924-b36e-19f21adf22f6.ogg
364,../Dataset/641b3f1d-b489-47f0-bd71-e7d7ce98a767.ogg
365,../Dataset/6427fa9b-fe90-42a1-a50f-7276d67b3645.ogg
366,../Dataset/642c2e3e-06ed-4f20-a6ec-7dc1424f0f05.ogg
367,../Dataset/6489fd4f-caa6-4863-9579-3c888e75c4fc.ogg
368,../Dataset/64e91b4e-aeed-46a9-b8e2-cad97802f04f.ogg
369,../Dataset/65080e8a-3bf3-4c14-88f6-b0d83cdc46b1.ogg
370,../Dataset/656a8368-6161-48d3-a6d2-987124240c93.ogg
371,../Dataset/65b42c62-704a-4800-a9fe-9c07a5e0a0f3.ogg
372,../Dataset/65be7822-e7c7-4fdc-9549-bf3fac30f919.ogg
373,../Dataset/65c9a70c-232d-41b1-a2a7-279d65d3971d.ogg
374,../Dataset/65f8438f-6ac1-48f7-90de-4500c6026608.ogg
375,../Dataset/662d7477-6003-4d63-8740-109583cd2d64.ogg
376,../Dataset/66ab8e9f-4480-4b37-b47e-c3345d4c33f5.ogg
377,../Dataset/66e030f3-fa93-4144-9bba-3965814aec89.ogg
378,../Dataset/66ed6834-a618-40e8-9e84-b17261b69e1d.ogg
379,../Dataset/67087ffc-29e7-4ced-9846-1fcc939e6fbe.ogg
380,../Dataset/673b1042-dea8-4b86-a23a-96be25595b56.ogg
381,../Dataset/67462ca9-c109-4597-a427-5d53cf60c0f6.ogg
382,../Dataset/6752ac49-1c88-40d6-af9d-e16dfb81bf51.ogg
383,../Dataset/6872c98d-ea51-42a7-a0e9-d62046b138db.ogg
384,../Dataset/68e0e526-91b1-44f1-a93e-ea7753e7290b.ogg
385,../Dataset/697e4b22-0e1f-4ba1-acab-3741f1b2b245.ogg
386,../Dataset/6995eb32-aaf3-4735-b5f7-216f5cc1ff31.ogg
387,../Dataset/6a18fc6b-12b0-4ea1-a5eb-a23e1af383ba.ogg
388,../Dataset/6aea430c-5091-4967-b278-e70e33ca51bb.ogg
389,../Dataset/6ba0829b-5840-480d-8db5-1ca39a95159a.ogg
390,../Dataset/6ba7dd74-3d91-463b-b857-81d9de0693af.ogg
391,../Dataset/6c1f4450-c75f-48fb-aeb3-24b3671ee9f2.ogg
392,../Dataset/6c821b6d-b67c-4838-9ee7-4c8a983df383.ogg
393,../Dataset/6cf14ba1-d796-457a-b624-de3903b7517b.ogg
394,../Dataset/6d43ff7e-0ab7-41cf-98e9-4bc2c195c85a.ogg
395,../Dataset/6e68bf8b-fb42-42dd-b20f-73213f125ed9.ogg
396,../Dataset/6e98e681-1981-49ba-aef1-553fe7e760ba.ogg
397,../Dataset/6ec4f820-4cdd-454c-bd50-9d2e47b34de5.ogg
398,../Dataset/6eeab709-e1a7-40b1-a5e5-01545967e534.ogg
399,../Dataset/6f52783a-df32-47e7-8429-e2ec42926fd9.ogg
400,../Dataset/6fdae683-31bd-4555-9675-c716a0283a2b.ogg
401,../Dataset/6ffe1b14-477c-4fcc-a957-8f4055e92f56.ogg
402,../Dataset/6fff0687-1502-4531-93f7-ed6ce05d8158.ogg
403,../Dataset/702f974c-fa86-4a1e-99dc-016d9fffbb6b.ogg
404,../Dataset/706d8ac3-b349-4983-88d5-2a65242aa9af.ogg
405,../Dataset/706de9db-72b7-422b-bfae-fef8f4d65ed4.ogg
406,../Dataset/70d15933-ad30-4999-90ce-ea2468afe426.ogg
407,../Dataset/70d2bcb6-c5bf-4b93-bf89-74d6577f72ce.ogg
408,../Dataset/70f624e8-821e-405f-acf5-e0370ffb8de0.ogg
409,../Dataset/71b26116-62cd-46ca-89a4-0642e0f2bc52.ogg
410,../Dataset/71cfb643-e5c8-4a45-8c0f-904469bd0ad5.ogg
411,../Dataset/72266d7d-df76-4bd7-a745-cd6d6603a71c.ogg
412,../Dataset/72571d3d-b6c5-44b8-b196-410c3a109fb9.ogg
413,../Dataset/72d4671d-82b1-4925-8d04-404df2d46df8.ogg
414,../Dataset/72e7e04e-47ca-4dad-984c-d0c3a5034f0e.ogg
415,../Dataset/72f430d7-bae5-455a-8d5e-2aaa1a8a3629.ogg
416,../Dataset/736db8b2-a127-4aad-a73e-c5ad638bb2be.ogg
417,../Dataset/73e00e8d-95a9-4c96-828f-3eb4c0f58ed0.ogg
418,../Dataset/73f27939-75dd-44b7-a4cf-e0b2c9e8963d.ogg
419,../Dataset/7415a0c2-547b-4c6a-9cbc-6b803d721041.ogg
420,../Dataset/7424ca16-67e7-4a1d-8b7d-4e98dc4d9060.ogg
421,../Dataset/74392ac3-8c07-42e7-b484-cc44e2ecb006.ogg
422,../Dataset/743e3025-0f64-4c6b-83ef-517ce494026c.ogg
423,../Dataset/74466571-28b7-4c1c-9872-47904b03693b.ogg
424,../Dataset/749fdead-a02e-44f2-8782-d473c104a141.ogg
425,../Dataset/74b086e6-b323-41cb-8942-727ceb19d408.ogg
426,../Dataset/750d8d62-ba1a-44fb-9a49-3a3a1a76fad8.ogg
427,../Dataset/75d4621f-52b8-48b2-a340-29ff785c5eca.ogg
428,../Dataset/7659fbf1-b04b-4fd9-be20-e1b2a69cc7a8.ogg
429,../Dataset/76e5ad75-44fe-4be8-85c4-e9f6b89bf092.ogg
430,../Dataset/77571b95-82f9-4459-9882-e8c1d9d62cdc.ogg
431,../Dataset/77646dd2-41c7-450d-b88e-cbecfeeda630.ogg
432,../Dataset/77752232-180d-4c14-a122-fdf76170f390.ogg
433,../Dataset/778c38b9-431e-467c-85b0-468e79deacd8.ogg
434,../Dataset/779e2334-226b-40e9-8226-774979868894.ogg
435,../Dataset/77cfbe3f-e85a-4d3e-81b9-51fcf3c7f83c.ogg
436,../Dataset/789d5eac-4f1c-4193-b3f2-6a5a371433f8.ogg
437,../Dataset/78b063b2-213d-491e-9e3e-76da57f2a354.ogg
438,../Dataset/78b31a95-ebe2-4e16-b492-0b7a1a3ede35.ogg
439,../Dataset/78e9fd04-34e2-49d0-9cf7-012ec366481c.ogg
440,../Dataset/79393d28-c0bd-4a58-989a-a6104b5a67fd.ogg
441,../Dataset/798abf17-77c2-432d-be0e-0bb6e14cf018.ogg
442,../Dataset/79c174b8-ceab-40b4-8111-fd7e9279beae.ogg
443,../Dataset/79c436f3-a5bb-40c0-b827-eb6a0d2467de.ogg
444,../Dataset/7a4d0683-9e5c-47d1-bace-62ad7bd16b45.ogg
445,../Dataset/7aa0987e-c286-409a-a938-693b7084a75e.ogg
446,../Dataset/7b223c14-ab13-4215-bfd1-e0e2f7c81173.ogg
447,../Dataset/7b7f6998-7f52-475f-8bbd-e76d80eafd91.ogg
448,../Dataset/7b8afece-3dee-4abf-8db8-adc637a7c45d.ogg
449,../Dataset/7bcb0830-15ab-4bbb-9dc4-2f49bd4f2160.ogg
450,../Dataset/7c04ad20-58f1-41be-82f5-d21239a33c81.ogg
451,../Dataset/7c203566-0d40-415c-806d-23539a749f36.ogg
452,../Dataset/7c950c97-1b98-44d0-b7f1-f5e5b9cfc197.ogg
453,../Dataset/7d1135e7-e985-460f-aa14-d71d159139cf.ogg
454,../Dataset/7d9121c8-bc35-4896-9ab7-4d1d939fd717.ogg
455,../Dataset/7da00197-968b-4690-a9e4-fe5c08f012d6.ogg
456,../Dataset/7dc287af-214f-4ede-b8ee-b543f7170132.ogg
457,../Dataset/7e2f07b9-bc8c-4edb-94de-aa9fbb8b87df.ogg
458,../Dataset/7e568ac1-53de-4de5-b6db-52eae7f7c3ec.ogg
459,../Dataset/7e713d1f-36bc-45cb-b458-863a28caee71.ogg
460,../Dataset/7ed9dfa8-eebf-4f0d-b213-f2f7231b4bf9.ogg
461,../Dataset/7f0ada89-6aff-4354-8570-795df54cc83b.ogg
462,../Dataset/7f1e51a5-16c3-4682-bf9c-2feb42d8bd14.ogg
463,../Dataset/7f2d8035-5f1b-4f3a-b251-95387389c8ea.ogg
464,../Dataset/800baf89-e68b-4022-bf75-3897b3740f64.ogg
465,../Dataset/80458c00-a2cb-4071-808a-8317976e2f30.ogg
466,../Dataset/80647f3d-a24e-4963-82c3-e31cf5181929.ogg
467,../Dataset/819d0091-7124-4766-9a96-6e26a2df483d.ogg
468,../Dataset/819f8d67-4d06-4d70-bb9e-0a81017cf1e3.ogg
469,../Dataset/81a2f1c1-dce1-48e8-955f-98770431c505.ogg
470,../Dataset/81dc03a0-1045-46ac-899d-1c853f7701c7.ogg
471,../Dataset/82b527a0-661e-49aa-8d06-08f3ad7a9d84.ogg
472,../Dataset/82efd73f-05ed-4572-a562-e416b03a81e1.ogg
473,../Dataset/832b7256-c708-426a-8cbb-dace06074b28.ogg
474,../Dataset/843c8a6d-b07b-46c7-9d71-c52574d36577.ogg
475,../Dataset/8454c3c4-745b-4250-8a3a-4cc6586bb73b.ogg
476,../Dataset/847451d7-a968-40fa-b894-0f27f6a49925.ogg
477,../Dataset/84ea24d0-408e-43c9-aba6-e669901b8208.ogg
478,../Dataset/851c626d-cf1b-41ae-9a5c-364f75aafc69.ogg
479,../Dataset/85b6f275-7a20-4a77-b1c9-55462810328e.ogg
480,../Dataset/864dc104-a3ab-4491-8dfa-0caafe0d8a79.ogg
481,../Dataset/864e6a64-4e75-419e-9281-35b83efec3f8.ogg
482,../Dataset/86511437-8318-48c8-ac18-9430e6668caa.ogg
483,../Dataset/869a9df0-c50f-48f8-bb19-456cf07e77ac.ogg
484,../Dataset/86a295fb-04eb-4e12-a7af-d663c5a271a4.ogg
485,../Dataset/86c2c8a4-8274-4b94-ba2a-bc85a299db24.ogg
486,../Dataset/86ce4bfd-d029-48b7-9437-c63db0d6ed8f.ogg
487,../Dataset/86e00587-4e9f-4088-bb24-6177f119f2db.ogg
488,../Dataset/86e7b111-8e46-4523-b91f-2468a889ca08.ogg
489,../Dataset/86fe7a01-c139-437f-8ec2-43c7cfa2693a.ogg
490,../Dataset/8710b0f6-3127-4aa4-9d07-c741512eb6e8.ogg
491,../Dataset/87492525-55ef-4fcf-890d-260423bd7a63.ogg
492,../Dataset/877b6d44-8165-4db8-9a61-a02878a0659e.ogg
493,../Dataset/8797ba6e-7741-4dc1-a0cd-0fdcbb28ff70.ogg
494,../Dataset/87ac9fc5-7d09-493e-924a-bde4e9a13047.ogg
495,../Dataset/87d99bda-e516-4887-87ab-0e49f93fadbd.ogg
496,../Dataset/87dbf4ea-d0da-4941-a9f2-b14ffb194c98.ogg
497,../Dataset/88456ffa-246e-4b4f-a1c8-c8220aa960fd.ogg
498,../Dataset/887432e0-4fc7-4116-880b-6a93e0f84d04.ogg
499,../Dataset/889d1c95-2e44-4c19-b662-631f51e23ec2.ogg
500,../Dataset/88befe8c-f955-4db0-bddf-7229f0a57e94.ogg
501,../Dataset/88cc79ec-372d-4016-aa47-304855eec7a9.ogg
502,../Dataset/89385120-2b52-4c61-9e36-05e5b032a8ce.ogg
503,../Dataset/896ec993-0c45-4f94-988e-2dbc14fa85be.ogg
504,../Dataset/89803194-e3b3-45cb-be7f-bd86e0979d8a.ogg
505,../Dataset/89d045d7-f2ea-4c05-9e53-ddcc35140312.ogg
506,../Dataset/89f9cc8d-ff6a-4f65-86a1-a27cfffaeae9.ogg
507,../Dataset/8a129136-c510-4163-a0f6-2d787cce79c0.ogg
508,../Dataset/8ada36ff-a9fb-4623-a97c-cab077d4bf99.ogg
509,../Dataset/8b29c31b-c685-4ea5-95c1-3881db68c0c8.ogg
510,../Dataset/8b65a198-2b0f-452c-ac15-47d892676fc3.ogg
511,../Dataset/8bf2678c-f297-4915-930e-01e7063ba75a.ogg
512,../Dataset/8c05ad24-a569-4fd2-a983-dce98836a4ad.ogg
513,../Dataset/8c06adc5-c29b-49fa-9060-f765b4ad1185.ogg
514,../Dataset/8c41f51d-4a14-4774-902f-5f93d81d14e4.ogg
515,../Dataset/8c4f35fb-14be-42bf-9d89-5b884adca8e0.ogg
516,../Dataset/8c6fdd1c-a376-4699-b74e-4cefbf0ef952.ogg
517,../Dataset/8c99d160-9a9d-49fc-81d1-df6eecd48e94.ogg
518,../Dataset/8c9a9340-6c19-45ba-b365-696470b3dc30.ogg
519,../Dataset/8cee6b56-91d0-40e7-800f-9f94d8d56dd8.ogg
520,../Dataset/8d476ddb-f0f8-42ef-93a4-e762bf41f823.ogg
521,../Dataset/8d72fd54-f0f7-43a2-a90a-92f206ed309d.ogg
522,../Dataset/8d89b7e8-0680-48e7-bc07-dfdf76c85cfc.ogg
523,../Dataset/8da5e99a-3338-484f-a288-09dc6c0e32c0.ogg
524,../Dataset/8e18f0f8-f8f7-4e50-a458-bebf0f3eea4b.ogg
525,../Dataset/8e1bc016-2edf-454a-8b6f-981d7b7f0998.ogg
526,../Dataset/8f0a75ca-75f1-4420-83a3-5c7223b8c2f4.ogg
527,../Dataset/8f3e39a7-f664-4502-9062-158ba0f15d91.ogg
528,../Dataset/8f709d52-df6b-4aba-b502-e5c517459665.ogg
529,../Dataset/8f721c87-1701-4830-aa29-bab1c4003d9c.ogg
530,../Dataset/8fed22e5-9e62-45aa-9a12-f9f589c6b68b.ogg
531,../Dataset/9076ddf2-8f9d-4873-af1a-db5b2c68b6b4.ogg
532,../Dataset/908b34fd-ee87-4f27-ab63-ea05d3c82350.ogg
533,../Dataset/90dbd0bd-1b9a-4f6b-914a-ae8967a28a0f.ogg
534,../Dataset/90df2802-0b4f-40f3-bafe-094f25aeba03.ogg
535,../Dataset/90df4728-8750-4646-a0a4-027f2c9cd544.ogg
536,../Dataset/90f3a441-39d6-44ec-8ee7-596d4530b8a3.ogg
537,../Dataset/90fecab2-4d52-4600-8cc7-56477caa8c07.ogg
538,../Dataset/911f591e-af18-4251-bab5-33bf6bcb1cc8.ogg
539,../Dataset/9130767f-961c-4112-8e5c-a8d14bc5a543.ogg
540,../Dataset/9166ed9f-d8d8-44e8-af67-d12c4dc14696.ogg
541,../Dataset/9199df4c-0c46-4347-b5f8-2c2686a0a5c6.ogg
542,../Dataset/91c3ef4a-bbd4-4226-a9ba-2b74e56a47d8.ogg
543,../Dataset/92688e07-15b9-40a0-97ea-06f189724972.ogg
544,../Dataset/927b0599-bb7c-40d4-9f96-21c90dfc7d46.ogg
545,../Dataset/92a40891-fb6b-41ad-b005-bd84c48d12ef.ogg
546,../Dataset/92bd3a13-ddf5-46b6-b6f3-530de8c43042.ogg
547,../Dataset/930a3bad-00c9-4ce0-9e2f-872d717973a6.ogg
548,../Dataset/933941b9-a3ec-470a-b9b1-a76c5287d7e2.ogg
549,../Dataset/9339ffaf-aa0e-4d1a-9a7a-7654035e4b44.ogg
550,../Dataset/93be0ab8-e35f-430f-95f3-7885637e7b67.ogg
551,../Dataset/9442d683-5645-4682-86d2-f554c40c1332.ogg
552,../Dataset/949f339e-cf70-47bd-8294-557c6bddba85.ogg
553,../Dataset/94bfc7c5-5eea-4923-aec4-b8184acb04ea.ogg
554,../Dataset/94c5f400-5a76-4b6d-bd76-98d7f4006598.ogg
555,../Dataset/950d0e7b-775d-493c-b13e-d52fce3563bd.ogg
556,../Dataset/95546f0c-d64e-4884-b7bf-6eb7b23e8122.ogg
557,../Dataset/956f1f0f-e945-4767-bf85-23b6fe496c55.ogg
558,../Dataset/962b470f-bf9f-419d-89b4-9ccc2344a3f8.ogg
559,../Dataset/962f0770-9a02-4f4c-939f-ce8ee2ffe708.ogg
560,../Dataset/9681b73c-efa4-4074-9597-e8f21c032b8c.ogg
561,../Dataset/96834d10-49fa-49df-8efc-e9f818ee75ea.ogg
562,../Dataset/96b7b6cb-6dd8-4358-8d24-80f39f20b56b.ogg
563,../Dataset/970abe6c-c23e-45e5-9283-473abd9d240f.ogg
564,../Dataset/97a23af1-65b5-467b-afa6-344e2607b362.ogg
565,../Dataset/97c8e35e-be60-4ce6-8935-ccc1e7846a18.ogg
566,../Dataset/97d54cf3-852b-46ca-9082-b8e54b2b29ab.ogg
567,../Dataset/98022df0-fb48-499b-a0d4-957648ff718e.ogg
568,../Dataset/9831d8fd-411e-4d5c-ae69-efc1c46dbb3c.ogg
569,../Dataset/9838a7c1-bf48-4005-8424-92324ca4412c.ogg
570,../Dataset/986cdb5d-3e6d-460e-847b-a3bff1b9ef17.ogg
571,../Dataset/9877a438-1cca-46dd-bd66-2ceecb717558.ogg
572,../Dataset/98b37475-3515-4e15-82ca-138013423d6f.ogg
573,../Dataset/98c33f92-60bf-44e7-ad92-bf8a57a3bfca.ogg
574,../Dataset/98c7fecb-26f5-4ff5-a3b5-b090948ad2fa.ogg
575,../Dataset/991684bd-f636-4e17-9306-fad4ddcd948f.ogg
576,../Dataset/99c395a8-3f4c-442c-a516-44b7013018bf.ogg
577,../Dataset/99c48351-a203-4e11-a515-55b0e7e86ca4.ogg
578,../Dataset/99eb28b8-51e8-435f-b21b-f30ff53fc124.ogg
579,../Dataset/9a0f0381-29cd-4a02-8418-633f2a6e09fb.ogg
580,../Dataset/9a243df8-b45b-4634-a467-e0d186bbffc9.ogg
581,../Dataset/9a6e9c6e-0f25-407d-9bec-849557bb17c4.ogg
582,../Dataset/9a71e8d0-8023-4552-96e8-c7dcb644e057.ogg
583,../Dataset/9a82024d-61b4-4c0d-b6f9-bf560e5a3144.ogg
584,../Dataset/9a8ced91-6c7b-4eee-beb2-252ab3d9554d.ogg
585,../Dataset/9b70bfc0-ea4d-4c03-8c71-277dfa374fb6.ogg
586,../Dataset/9bad0848-6783-4dc2-adfc-c6c3a619a038.ogg
587,../Dataset/9bebedea-30bf-4f4a-8a38-888fcabab4d5.ogg
588,../Dataset/9c242311-5180-40b8-a2a4-b305965c993f.ogg
589,../Dataset/9c3ab361-a336-4975-b8e6-e59c476180a8.ogg
590,../Dataset/9c42abc2-0fe1-4122-a0e9-741148a715af.ogg
591,../Dataset/9c7d9872-b1f0-4b57-8530-7b5ce11b08af.ogg
592,../Dataset/9c922b44-8f4c-4ca2-b5be-fa0be6319c6e.ogg
593,../Dataset/9ccca61b-1096-4181-8d43-2baa5e1ef660.ogg
594,../Dataset/9d0b7521-3a08-4587-a3da-3d0cfc02a5eb.ogg
595,../Dataset/9d539eb5-62de-4d5d-994b-866238ecd96e.ogg
596,../Dataset/9e2650e6-4847-4241-90c6-1810a3f2fdf5.ogg
597,../Dataset/9e5e00ee-c1dd-470a-852d-64e3b87ec769.ogg
598,../Dataset/9f86071c-3f36-42fc-9be1-8eb6bc0d31d9.ogg
599,../Dataset/9fa28bd4-9e0b-4328-ad7e-ff6f523eab9d.ogg
600,../Dataset/a0281b30-5616-495c-95d9-ba68626239f5.ogg
601,../Dataset/a0845347-139b-4a91-a50e-59de7bed4867.ogg
602,../Dataset/a084b953-189d-422d-a40a-b545b4f01618.ogg
603,../Dataset/a084df86-6bef-477e-8b81-ac35f8ac5873.ogg
604,../Dataset/a0b3a153-a90c-4194-922c-59fed479c757.ogg
605,../Dataset/a1018eab-83f1-4a61-b0e3-4e756243248f.ogg
606,../Dataset/a121ecfb-bef6-4934-aea5-d33607c30a7f.ogg
607,../Dataset/a147e909-0e90-442b-adc4-b8487de75504.ogg
608,../Dataset/a15d789f-b13d-4244-824b-a43a6dcc22c4.ogg
609,../Dataset/a16cf50f-7237-49b5-a848-d8233f4d2c8d.ogg
610,../Dataset/a1e4c73d-4754-4de0-a3ee-725dd650a226.ogg
611,../Dataset/a1f34ed3-6944-467e-82e7-78527bed2bdb.ogg
612,../Dataset/a21a03e8-6ef5-4886-b5e6-e799307b0f5b.ogg
613,../Dataset/a21bef47-eabf-4107-a7ed-45948e4192a3.ogg
614,../Dataset/a24991e5-e1d5-4f30-86f1-9638a67898ae.ogg
615,../Dataset/a2b331d0-432b-4fbf-8f1a-90385178c586.ogg
616,../Dataset/a2f3af55-0c64-4b6a-af94-35566bbdcf74.ogg
617,../Dataset/a309535e-8064-483e-9159-d246d64b8e61.ogg
618,../Dataset/a33b4fa1-56de-42c9-be2b-103044396be1.ogg
619,../Dataset/a390650f-8739-4cae-a796-ed02a82000a5.ogg
620,../Dataset/a3f6dc5e-e139-4c9c-b784-d803f45e90ef.ogg
621,../Dataset/a426cca7-528f-41d3-aba4-b717699e45d5.ogg
622,../Dataset/a44c065d-05c4-4f53-b10d-8bc89a9ee2a8.ogg
623,../Dataset/a478bead-92c1-4ce1-81f7-a3e2a1be9962.ogg
624,../Dataset/a4bc4b25-81e4-46ce-8550-fc8222eec45f.ogg
625,../Dataset/a4c027e7-52ea-4ed2-95f4-9284e03d4961.ogg
626,../Dataset/a523b86d-a88a-450b-a778-bb131e1e0865.ogg
627,../Dataset/a585b3e3-6ec2-4cbe-8e51-f6f585e9d39b.ogg
628,../Dataset/a6417792-0dfe-46da-b820-3c047f15ad9a.ogg
629,../Dataset/a6738ce5-b5b3-4f1b-87b0-535415341369.ogg
630,../Dataset/a6755a85-a8f5-4c96-8907-71e11b51db49.ogg
631,../Dataset/a69d7fc8-6cac-417e-9008-89bef72f1fa7.ogg
632,../Dataset/a6c093be-4939-4fd6-9e84-d2b8361d79d2.ogg
633,../Dataset/a6eab488-47d3-49f6-8362-bd3c74e0f927.ogg
634,../Dataset/a72abc50-8a5b-424c-b580-98dc6f29cd72.ogg
635,../Dataset/a7566341-b1af-4ea5-9aa9-04fea7509a90.ogg
636,../Dataset/a75689df-a41d-46c6-beca-b30f0fd8a1e7.ogg
637,../Dataset/a79a320f-97c1-41fd-8ade-339e35c384de.ogg
638,../Dataset/a79bb940-3ce5-4407-803b-c2612eff3d0c.ogg
639,../Dataset/a7f60e92-8e0a-4469-8339-18e104719da9.ogg
640,../Dataset/a80b96cf-92e0-4eda-b912-d6a5b315a679.ogg
641,../Dataset/a824bf3f-447f-4f2e-b8b2-27677227af79.ogg
642,../Dataset/a89e6b9a-73b0-40ba-add5-59afed0f6b78.ogg
643,../Dataset/a8fbe922-eb20-4b79-bf82-96e15613ce28.ogg
644,../Dataset/a937673c-2f44-480e-8ca6-0d6c903f5d95.ogg
645,../Dataset/aa0adbd9-a418-4c64-b2dc-79c448de83ad.ogg
646,../Dataset/aa345328-b50f-4bf8-9a8d-cf0063b04e6b.ogg
647,../Dataset/ab052260-59fd-47bb-8b7e-462ced0ec00e.ogg
648,../Dataset/aba74073-6439-45ec-a6ba-b02d839419ab.ogg
649,../Dataset/abbf44b9-24fd-42f6-82cf-babe390a5dcc.ogg
650,../Dataset/abcb0f36-df6d-4316-8006-c1f881262fc2.ogg
651,../Dataset/abd6c883-84ef-461f-825e-d22412524d2e.ogg
652,../Dataset/ac2ce712-9e12-42f2-a07e-c3bd614018de.ogg
653,../Dataset/ac3c7943-2127-4def-8439-43232be4e776.ogg
654,../Dataset/acc05d8f-5e86-44f9-bedc-c6904d2d1b3f.ogg
655,../Dataset/ace74e38-8c46-4b8d-8aa9-9acd66f6f22d.ogg
656,../Dataset/acf90edc-0d31-402c-90d0-dbcde927e43c.ogg
657,../Dataset/adc81ade-acd3-496d-9bbd-58487f68c9ac.ogg
658,../Dataset/ae0ff134-0218-4d7e-804d-c48f57946de9.ogg
659,../Dataset/ae38a0de-dda5-489d-b76c-1d3401119fba.ogg
660,../Dataset/ae4054cc-9320-4fd8-b530-54d18da3c42c.ogg
661,../Dataset/ae5cf250-0639-4d58-9218-43aa68554459.ogg
662,../Dataset/ae612c7f-2303-4c4f-9d77-0346462db4fd.ogg
663,../Dataset/aeb4ace7-8713-490e-8353-c376f48fdf30.ogg
664,../Dataset/aee2c787-533a-4adb-b7d6-63b88942f528.ogg
665,../Dataset/af00fe45-8605-42c2-9418-c02b26aebe41.ogg
666,../Dataset/af8392c0-6e31-4ad9-8ddb-3c37d75f369a.ogg
667,../Dataset/afad0212-fce2-419b-bbc7-2aaf6e16d63e.ogg
668,../Dataset/b0093b28-6c05-4242-b03e-ba1b6bbe19d7.ogg
669,../Dataset/b0e3848a-538f-4f29-aeda-9e42653ce8e9.ogg
670,../Dataset/b11f579f-5ee1-4684-9690-ea5398549104.ogg
671,../Dataset/b16031dc-92c7-49ef-beff-7b9a2900802c.ogg
672,../Dataset/b1721d71-0900-4322-bb3b-82bb971b5d4e.ogg
673,../Dataset/b1b14a2c-1974-4a6c-a09e-d7487b871595.ogg
674,../Dataset/b1c274a1-7e86-4099-950e-697c61bead7f.ogg
675,../Dataset/b1cd61a0-52e7-4ac7-b2e5-7af8bbc5a34d.ogg
676,../Dataset/b24cc29f-f241-4d0c-8359-5256c9dca851.ogg
677,../Dataset/b2698f20-c6d1-4018-a94d-34a05005b5b6.ogg
678,../Dataset/b2b4b6e3-b2e2-454b-adcf-0b27688904f6.ogg
679,../Dataset/b2f92c7d-f383-486b-b5da-d38186bf3376.ogg
680,../Dataset/b33a5b5a-2aa1-4d35-b6b3-d57e36cbc2ea.ogg
681,../Dataset/b3b63536-0fec-4dba-9110-9474c75eb2e1.ogg
682,../Dataset/b46fd31f-a1ef-4c27-b30d-d9d2527e773a.ogg
683,../Dataset/b51eef09-4b34-4a5f-84c4-08b0bac185f6.ogg
684,../Dataset/b527e0dc-1ef4-4253-b1a7-7e380dfb1449.ogg
685,../Dataset/b53b347e-df9b-470b-bfd2-d70afa44bc8f.ogg
686,../Dataset/b576bd2d-0fdc-4f70-8376-baa693c020db.ogg
687,../Dataset/b576e9d9-e98b-44a0-a951-10a84326246e.ogg
688,../Dataset/b6444b77-405e-4236-89f5-ebf8d3820850.ogg
689,../Dataset/b64db6b1-16fc-4941-92a9-cc71273e4669.ogg
690,../Dataset/b64e467b-9fd8-4389-b20b-910eb78577e6.ogg
691,../Dataset/b6589fee-434e-4d2b-9234-f94545322f47.ogg
692,../Dataset/b659086a-8d95-406a-9157-e77991782e66.ogg
693,../Dataset/b7cb5681-e379-4112-852c-fdd181a0059c.ogg
694,../Dataset/b80dfc54-5749-4a4b-b154-404fdd662116.ogg
695,../Dataset/b8362d05-213a-4af6-ad5e-5dfc508d8a93.ogg
696,../Dataset/b8a89aa2-a1d5-474a-a05f-9bfcc139ef87.ogg
697,../Dataset/b90eb776-4583-46f1-8d65-f7b9002478fb.ogg
698,../Dataset/b932af1f-6494-47d0-81b6-0a2121156231.ogg
699,../Dataset/b98ecdbd-e037-4f79-be68-56bc49acb4b9.ogg
700,../Dataset/ba41f34c-9d40-4e34-9d58-7d6c846740e9.ogg
701,../Dataset/ba6f354e-2189-4b93-b037-c07ee2e72f40.ogg
702,../Dataset/ba71923e-345e-424e-a7af-083e9fb4b2c8.ogg
703,../Dataset/ba73e6ea-e484-47ce-942b-d0e64dc150b8.ogg
704,../Dataset/bad6ea5c-b9ec-45fe-9ba2-222535334d21.ogg
705,../Dataset/bb04fd5a-3d12-466a-8b4f-c3da0369cd4f.ogg
706,../Dataset/bb351636-70a4-4dcf-a1c3-303b9b821fc2.ogg
707,../Dataset/bb655d19-7ca3-469e-842d-2e00d3f21ac5.ogg
708,../Dataset/bd11b513-12a1-44be-82f6-4fbeea1fbda0.ogg
709,../Dataset/bd62ccab-6b8b-48f5-b78f-c98a546e4a57.ogg
710,../Dataset/bddaae48-d818-4445-b5b7-90660dfa3238.ogg
711,../Dataset/be299e07-a91f-4b3a-a7d9-cb2a94418270.ogg
712,../Dataset/be482d71-4ab2-453d-abd8-e1a7fdeedb06.ogg
713,../Dataset/be5bf7f3-421f-4f6b-9598-13e87a37cb62.ogg
714,../Dataset/be7d066a-7362-4a68-af88-bdb277d09b1a.ogg
715,../Dataset/be808b39-ff71-4d98-99c0-97436d1e198a.ogg
716,../Dataset/be98c51b-72a2-4404-8723-4fd2aef24559.ogg
717,../Dataset/be99fd1e-f8a7-45aa-a528-cce0000b774e.ogg
718,../Dataset/bed17bfe-d49d-44a1-a3d1-40ae3249ec52.ogg
719,../Dataset/bf06a3a9-9ea0-4386-b48f-f710fe9088b2.ogg
720,../Dataset/bf23fbb9-74be-4123-a2fa-7683bcb297bb.ogg
721,../Dataset/bf554344-75c5-4c99-9b31-abeef72b950a.ogg
722,../Dataset/bfa98b9a-429d-43d3-beaa-34eb499ffa60.ogg
723,../Dataset/bfd2e733-37df-41e2-a441-2f4371a643c7.ogg
724,../Dataset/bfe5b7d6-cd61-4d13-8f62-78ed8258ff98.ogg
725,../Dataset/bff87c99-0a61-48e9-b0db-53e52fd793e8.ogg
726,../Dataset/bffd1d6e-c355-463c-a8fa-905b91bfd2fd.ogg
727,../Dataset/c01effc4-815d-4135-b30b-9b518e85138b.ogg
728,../Dataset/c045e0f3-e63c-4a19-990a-fdb18fe149a3.ogg
729,../Dataset/c07264af-0bcb-41b6-9322-cdd1fb2d654f.ogg
730,../Dataset/c0768419-e76e-409c-a992-1dae7b7fbd16.ogg
731,../Dataset/c089fb42-6bbf-410c-ac63-e132c850046a.ogg
732,../Dataset/c156030a-cd9d-4dc2-abd3-5c18e647cffa.ogg
733,../Dataset/c18183e6-cc7e-40bc-a2df-da1bfd74d82e.ogg
734,../Dataset/c1a9b697-7d1c-4f44-b559-c48b01fb1a2b.ogg
735,../Dataset/c1c674e7-ab26-414e-b88d-46cfbb00acc1.ogg
736,../Dataset/c1dee1a7-6e2a-4fe0-88b0-efa8ec09406e.ogg
737,../Dataset/c2ade3ae-a5f3-41dc-b5af-ed06dfe51722.ogg
738,../Dataset/c33f4619-cf67-4fd0-9071-92295bb71688.ogg
739,../Dataset/c3429946-7107-4dad-af00-40642da6f52c.ogg
740,../Dataset/c3872d24-2748-4e06-9518-79464ba26f19.ogg
741,../Dataset/c387644b-446f-44a0-8af1-5f31cee9b368.ogg
742,../Dataset/c388d50a-8fd3-4070-a0cc-bdf17c88f919.ogg
743,../Dataset/c3dfd727-a83f-49b8-bd0d-2827d9e488be.ogg
744,../Dataset/c3e7800a-d297-4a75-aaec-9ccdd703c557.ogg
745,../Dataset/c419b584-f99f-43bb-8fee-1ba4467f1fab.ogg
746,../Dataset/c44c98c2-d6d0-48c8-bfd1-a67ae6ccc8bd.ogg
747,../Dataset/c4923438-3e27-466d-bc3d-df00ca4d27ed.ogg
748,../Dataset/c4b1ea04-dd21-4c47-989d-8c251395d081.ogg
749,../Dataset/c53d4e4a-672f-427a-a1a2-d6df31b080f3.ogg
750,../Dataset/c576b1e0-cb74-4560-bea4-0ba89b862273.ogg
751,../Dataset/c5901b26-cf9f-4235-be9b-8b900cc77a8b.ogg
752,../Dataset/c591921d-6476-4ec6-81f3-0cb647c142ad.ogg
753,../Dataset/c5a34881-c434-4883-bfc2-6846ab23bf4a.ogg
754,../Dataset/c5b97cae-684d-4b36-973c-ea1b47009b5e.ogg
755,../Dataset/c618df0e-f5ba-45ac-8ed8-8693d85a6f49.ogg
756,../Dataset/c630004d-1777-451d-9ff2-97b2fd43bbeb.ogg
757,../Dataset/c64162e1-c768-42c9-a19f-bfbb2624933c.ogg
758,../Dataset/c64d5b8f-42aa-4839-8eac-b6379f253d71.ogg
759,../Dataset/c714dc6c-1dfc-43ee-9813-110ce0526eb7.ogg
760,../Dataset/c7221177-e933-47a7-b502-5320c015f5c5.ogg
761,../Dataset/c73b6fef-128e-4f4d-91a5-f9d706360f0e.ogg
762,../Dataset/c7639006-b3f6-4c2a-901b-b8cfa575e4cc.ogg
763,../Dataset/c7c2ea06-7d8a-4ac3-87f0-2ce6c478858a.ogg
764,../Dataset/c7c526ce-3f22-4bca-850e-ae01919f1730.ogg
765,../Dataset/c87fbc08-eddb-4ee7-8267-c3cc6c19b6d0.ogg
766,../Dataset/c8ab2e2e-2faf-4912-bdfa-945870395ce1.ogg
767,../Dataset/c8b1339d-f2e2-4910-b622-e68f79466006.ogg
768,../Dataset/c982eece-6567-46a3-8a19-5360175d97bd.ogg
769,../Dataset/c9aec158-7687-4673-8603-f40ac4ef25ca.ogg
770,../Dataset/c9b74a2d-b258-4930-8910-c4becefa3841.ogg
771,../Dataset/c9ddd23c-5421-4af2-bee7-1e1428caa7a2.ogg
772,../Dataset/ca18e90b-4832-4ff1-8df6-ab9d654a8682.ogg
773,../Dataset/ca515f89-c75a-4cf0-ad78-5bfef05cceaf.ogg
774,../Dataset/cabb6679-4f1f-4373-b155-a0c4dd62063c.ogg
775,../Dataset/cb0e8396-2f6b-49ce-99f3-daa471aaba98.ogg
776,../Dataset/cb35e4c5-214b-43e8-a5ee-6df65e96cb21.ogg
777,../Dataset/cb41a2a5-21be-4200-9a8a-9b9a79e78709.ogg
778,../Dataset/cc0f7098-a254-439c-9c1b-281ebc7a3ffa.ogg
779,../Dataset/cc3b906d-f335-4c1c-bb12-ebbde0e942f9.ogg
780,../Dataset/cc9fe493-4ecb-4ba0-94a4-19f59350bc30.ogg
781,../Dataset/cce32602-327b-4dd2-966c-b5965c83d86f.ogg
782,../Dataset/cd6f91ce-28d9-4ba1-92c2-86106ca21663.ogg
783,../Dataset/cd9348ef-0ae5-434f-9520-2fd14cd37dd2.ogg
784,../Dataset/ce58acc4-43de-41ee-a375-e9e7a4252e20.ogg
785,../Dataset/cf210e39-a017-4509-8c37-22a00578111a.ogg
786,../Dataset/cfecb0d8-defc-4875-afad-427f964ce2f3.ogg
787,../Dataset/d06ef647-4910-4a22-9ab3-15158989a2fe.ogg
788,../Dataset/d06f0a54-c04e-4029-9f97-bda175ec0a69.ogg
789,../Dataset/d0daf526-c063-4db7-840b-d05ca42cca6e.ogg
790,../Dataset/d12bd194-c3bd-4bef-b68d-43d92397e077.ogg
791,../Dataset/d135ea76-1b5e-4703-b180-04c9d6b90518.ogg
792,../Dataset/d181566a-0c5a-4572-b0b8-15271e2f306f.ogg
793,../Dataset/d182351f-c65f-45ae-a2a6-2d66a254be56.ogg
794,../Dataset/d18517b4-8077-4e93-8389-98121da7d24e.ogg
795,../Dataset/d198f229-bf67-4080-ba06-f480d323c7fb.ogg
796,../Dataset/d1b4bee4-b055-498f-a6bd-c094eeb74a5a.ogg
797,../Dataset/d1e379fb-ce48-4a49-9b39-fbd6e82bdb38.ogg
798,../Dataset/d2355a40-1ad2-4e4f-b60d-4726dd0868bb.ogg
799,../Dataset/d23f927d-8701-4098-8983-424e53f7621b.ogg
800,../Dataset/d23ff80b-023b-4e03-8dca-9577a51bd53a.ogg
801,../Dataset/d27e0e78-a76d-42f8-8c4e-4044fad2dd7c.ogg
802,../Dataset/d351a29a-766c-4f20-bddb-9a93a6c35a09.ogg
803,../Dataset/d379bb3c-e5d7-43a1-a103-f3dc610653b3.ogg
804,../Dataset/d3a5f244-e68a-4b84-957d-f29c22b27a61.ogg
805,../Dataset/d3e3a3fb-8841-4be5-b766-702dc69b5e1e.ogg
806,../Dataset/d3f013d0-028f-4a76-bc5e-694409dd6371.ogg
807,../Dataset/d4497885-4649-407c-8d8a-479a15fa9e05.ogg
808,../Dataset/d46d543a-cae1-43fb-9ee9-4629f7ec1a51.ogg
809,../Dataset/d4aaba45-9530-4703-8286-6c3e44ce965d.ogg
810,../Dataset/d4cf4bcc-86c5-4762-b9ef-e851dd4bf966.ogg
811,../Dataset/d52fe2da-e65c-447c-8e78-ddfaba78aa90.ogg
812,../Dataset/d5cf692d-84f3-4ab2-b972-b6199ccc72e7.ogg
813,../Dataset/d6185db1-0868-40c5-ad2f-5bf40edfb3d1.ogg
814,../Dataset/d651ac9c-5c61-4600-8b0d-9ac9cbb30e8b.ogg
815,../Dataset/d6549d28-0b78-4f83-8d95-1126512d2ce8.ogg
816,../Dataset/d783f124-1972-42f6-a5b2-64331dccd3b9.ogg
817,../Dataset/d7d518f7-768c-4407-9706-3d59435f52cf.ogg
818,../Dataset/d82b952c-46ba-41b5-9912-f14b65cc0b4e.ogg
819,../Dataset/d85c7f83-2046-4562-b4d1-34db19d657a7.ogg
820,../Dataset/d85d14d2-5f30-4613-8376-122229748aab.ogg
821,../Dataset/d85f3880-7322-44af-9c49-c4e4bf53214f.ogg
822,../Dataset/d866ff21-5fad-4647-9043-83718675f906.ogg
823,../Dataset/d8b3c76a-f7f4-451e-aa11-3b321832ea45.ogg
824,../Dataset/d8b9b858-fc37-4560-bc07-a376419aba3c.ogg
825,../Dataset/d8c66096-0c58-4684-9b13-88959b6267bd.ogg
826,../Dataset/d8d56ece-5074-4149-b8b7-c147983fa20c.ogg
827,../Dataset/d93a7c98-503b-4a87-81b2-d3a774404f72.ogg
828,../Dataset/d9b362f6-9cc9-4cdb-8507-966841f1f73c.ogg
829,../Dataset/d9bbd789-3516-4bd1-982f-040ffd01eddf.ogg
830,../Dataset/da2b2b06-168c-4ae9-9718-7e2db431a113.ogg
831,../Dataset/da6ed45b-9029-4ada-a94f-aa78e60c7d53.ogg
832,../Dataset/da7e5a53-d8bb-4c50-8808-de0f1db1977d.ogg
833,../Dataset/daeffbd1-c066-47a4-a86e-fa08a97b19c8.ogg
834,../Dataset/db044a11-1d57-4365-8364-1f73f5fb1bdf.ogg
835,../Dataset/db1408d4-4cba-4a28-8d88-5cdd52bdba90.ogg
836,../Dataset/db80b5c3-814b-4d64-956a-cf5eb3837c64.ogg
837,../Dataset/dbcc6cfe-045c-4b9f-b890-23f598a9e6f2.ogg
838,../Dataset/dbcfba13-d6be-4298-9ccc-793b0e05d903.ogg
839,../Dataset/dc4e235b-1982-419d-a8bd-a6967337bbde.ogg
840,../Dataset/dc825027-5f65-442a-81a5-ab554934990b.ogg
841,../Dataset/dcc64b75-8e16-45bd-8a25-7ec94e160f44.ogg
842,../Dataset/dcde1965-12d0-4975-9b67-a633f73aca24.ogg
843,../Dataset/dcec3a9f-d633-4462-94b9-dde675a0ba5f.ogg
844,../Dataset/dd3ef8ab-28a6-437d-99dc-c9eb0c4fc0a4.ogg
845,../Dataset/dd45e3af-7d81-4db2-be9e-19faec5c7333.ogg
846,../Dataset/de6415d9-10af-4cf8-8584-6b803571f3a6.ogg
847,../Dataset/de8c4a22-61e3-402d-a2b7-ab5d3c01f4c6.ogg
848,../Dataset/dec4aff6-1ad2-449b-b1e5-639b195906b8.ogg
849,../Dataset/df142b8c-e25a-4ce7-ba8f-9243b17dd30a.ogg
850,../Dataset/df8820ab-0472-4871-bbdc-2a3ba9a0be74.ogg
851,../Dataset/df9807ff-1b37-46e9-a2d7-79be927528f4.ogg
852,../Dataset/e03ca344-618b-4dce-a2c3-59dc53001005.ogg
853,../Dataset/e056874f-e7b1-41a3-a7dc-046d2d2e77a8.ogg
854,../Dataset/e0c17e25-b480-4350-ac1f-0b0c09c44a85.ogg
855,../Dataset/e0e56ad2-5825-4e76-88a7-fba93a7efdad.ogg
856,../Dataset/e12e93de-c7df-4991-99d8-4f5204cad6a2.ogg
857,../Dataset/e156de26-a117-4b2d-89a8-232ae56507e8.ogg
858,../Dataset/e1cb7990-a69c-4dad-b60d-9965d78377a6.ogg
859,../Dataset/e26d3883-7910-4761-9f5c-1e313a8e962c.ogg
860,../Dataset/e2915418-7b71-4f81-a8a5-e2467db6c87e.ogg
861,../Dataset/e2e485f0-457b-4604-bdc2-5cb431f1fe1e.ogg
862,../Dataset/e2ef49f4-49df-4ad5-9385-397b6fcda378.ogg
863,../Dataset/e31980dd-7946-467c-9b10-3141c29843b3.ogg
864,../Dataset/e32597a5-8110-4571-81b6-804e4051d9cd.ogg
865,../Dataset/e341fad4-d485-47d2-9607-a2dd266d7cd1.ogg
866,../Dataset/e3f8a1bd-e4f0-44c7-96f0-16d9513868ec.ogg
867,../Dataset/e3fb06a2-a6c4-4628-8675-1b9320c572a0.ogg
868,../Dataset/e45a98ae-1378-4159-a929-93c8e58d8617.ogg
869,../Dataset/e4c81c73-c785-4e2d-8233-655f89f9230a.ogg
870,../Dataset/e5309e82-43fc-4aac-9bd7-200c3b4e926d.ogg
871,../Dataset/e5398dd7-1984-47f8-b03c-1d89a8a8c0a0.ogg
872,../Dataset/e6143e14-177d-40d5-a772-69545e409d8a.ogg
873,../Dataset/e621a1ed-2350-4c6d-b423-853fcca7d9d1.ogg
874,../Dataset/e62e5a42-b6dc-4ab0-83dc-bf35180562c4.ogg
875,../Dataset/e65779b8-9c8c-4c6d-bfba-a5ffc9b94595.ogg
876,../Dataset/e685df65-5aec-4205-a69a-5760d939123d.ogg
877,../Dataset/e6e35b4e-46f7-41e0-a5cf-e18ff4b4c27e.ogg
878,../Dataset/e73c3205-6cca-4548-b0a1-5d8c59c0d1c0.ogg
879,../Dataset/e7e6514f-c919-4b6d-bd8d-e8d5dd401bd0.ogg
880,../Dataset/e8445806-90df-4fa2-abb0-d6d716957fae.ogg
881,../Dataset/e87a1ccf-f432-45eb-9b9c-26ae81db7784.ogg
882,../Dataset/e8e41f4f-ff00-410c-9405-f18f49f2f81e.ogg
883,../Dataset/e8ebf8aa-107c-4f94-b24b-526e4f5f1b64.ogg
884,../Dataset/e9761e7d-92fa-4307-9fe0-e4efe9c91e0c.ogg
885,../Dataset/e9a15fb0-520e-46d5-bd2c-385acafc86b4.ogg
886,../Dataset/ea02bdd9-869b-4821-831d-72f5abc28890.ogg
887,../Dataset/ea087bdf-96d3-4b9c-8d42-394c3cf04096.ogg
888,../Dataset/ea14155e-a4bf-4cfb-89bd-0f2c7cae0a33.ogg
889,../Dataset/ea273d5b-a694-4c8b-a817-62378e922526.ogg
890,../Dataset/ea2dcbb7-edd4-4713-8095-2b303341bb89.ogg
891,../Dataset/ea711ed0-23b0-4057-985d-026cacfa354d.ogg
892,../Dataset/eaa32cc7-5e79-4d4c-a3b0-dcd59bb161be.ogg
893,../Dataset/eac1a08a-7388-4e0a-9fa7-24bd648ac15a.ogg
894,../Dataset/eaefb807-d522-4519-8fcc-c3e910b24717.ogg
895,../Dataset/ebf14c8c-a04b-4908-84b0-cfbac227580b.ogg
896,../Dataset/ec29b270-a8ac-4c68-a051-cada383c7c85.ogg
897,../Dataset/ec5f1226-392d-4f30-8c56-5dadb8da2eb3.ogg
898,../Dataset/ec86b666-9979-4799-a06f-9773eba8927f.ogg
899,../Dataset/ec89343e-fdb8-4c0d-9fda-a741a82f7bd8.ogg
900,../Dataset/ecccfdc4-6ce9-4591-aa3e-c5ef736f43e6.ogg
901,../Dataset/ecee403b-27e0-44d7-b8e1-d9c8706e77f9.ogg
902,../Dataset/ed5eafaf-ff27-4ca9-89c8-ee6a0df0faa1.ogg
903,../Dataset/ed79ffe7-d97f-4b71-80bc-90d89acd01d8.ogg
904,../Dataset/edaf41de-1ec5-4e4b-96d7-7f225c1da9b6.ogg
905,../Dataset/edbe28b0-f738-40e2-a940-b378b7541af3.ogg
906,../Dataset/edcadaac-51d0-44d1-99c6-efbbc41dd4bd.ogg
907,../Dataset/edce4023-5da8-4698-95ed-7dca251a6679.ogg
908,../Dataset/edfbc17c-8fcc-48f9-a8a0-2b841ea98464.ogg
909,../Dataset/ee0506c6-783a-440a-9fa0-5d9c80ceba93.ogg
910,../Dataset/ee13d9df-05ba-430e-b0d5-97270364384e.ogg
911,../Dataset/ee2aa73f-0dee-47db-b07a-9194a30c0eb7.ogg
912,../Dataset/ee4d7677-a823-4add-8268-8a7a8b49d83b.ogg
913,../Dataset/ef2b5528-621e-4bdb-87f2-57296da6acab.ogg
914,../Dataset/ef428dd6-82d5-473a-a8f3-bdfb1ad1a629.ogg
915,../Dataset/ef746feb-9fb6-4656-8354-c636aeb95dd1.ogg
916,../Dataset/ef8985bc-db5c-4afd-b555-6bdecc933afa.ogg
917,../Dataset/eff08b1e-fc39-40e4-a807-7b2651644a8a.ogg
918,../Dataset/f0052d3e-e017-4bab-85ae-4c4f4751554c.ogg
919,../Dataset/f034a1aa-b03d-4f1c-8490-c6b28eaa478d.ogg
920,../Dataset/f04eb064-f8b3-4b25-88ed-e5310c8c7688.ogg
921,../Dataset/f09c6fbd-0cf4-466c-8a4c-4ceef3448963.ogg
922,../Dataset/f121f5ac-4dbb-4c53-9f0d-fba79b3a75f8.ogg
923,../Dataset/f1471243-2511-4f2a-b3ac-98e955d795ef.ogg
924,../Dataset/f1563159-1350-4e0d-a007-ddc91504489e.ogg
925,../Dataset/f1761c24-c5cb-4d5e-9546-d95fdb6c6f44.ogg
926,../Dataset/f24a7779-d819-4fa5-98d8-bb7384d4d475.ogg
927,../Dataset/f2620b99-325e-4118-8d6b-f27956dbf6ee.ogg
928,../Dataset/f2b8d4c0-b7ba-49a6-8e91-9f20be33520a.ogg
929,../Dataset/f3080f6b-6064-40ea-80b3-d988a40e2f26.ogg
930,../Dataset/f32d99cd-e7f6-4335-9763-65d7ba53f278.ogg
931,../Dataset/f35337eb-96f3-47dd-b1d4-e13248f4cc20.ogg
932,../Dataset/f3caf24c-a89d-4762-a0a9-f6f9cf5dccbc.ogg
933,../Dataset/f3d50342-5592-4c58-8856-bc951d23c36b.ogg
934,../Dataset/f3f3c99e-8b61-434e-8a51-665ac07c056a.ogg
935,../Dataset/f448a4fb-f61f-4f33-8572-f5f31f5cce03.ogg
936,../Dataset/f49467b0-5d23-4a5a-8b31-1ed170b06297.ogg
937,../Dataset/f55dd1d0-d2ec-4437-903d-7579dce3cb42.ogg
938,../Dataset/f5634752-4c21-4aa8-8e74-51fa876ce9b3.ogg
939,../Dataset/f6317a34-0969-4f9e-b16c-8b3f7e36b671.ogg
940,../Dataset/f63f16b0-3b10-40ae-86bd-93a5d956fb70.ogg
941,../Dataset/f68b1ad0-ee67-4edc-8255-cbef61ca7920.ogg
942,../Dataset/f72aae1e-f4ef-4910-b4a9-078dc31e91b1.ogg
943,../Dataset/f72efe19-d98f-4d0a-af1f-0a1b7e1a9174.ogg
944,../Dataset/f7462599-0cb5-4e13-86ad-9adf4c4eae62.ogg
945,../Dataset/f7a17de9-f9ec-4fcf-a88f-1bf4cf1c8ebf.ogg
946,../Dataset/f7e1d872-752d-4306-86a4-f91d9cbe4dea.ogg
947,../Dataset/f849e0a3-fff4-4af4-b501-bcd10dabb842.ogg
948,../Dataset/f884c49a-6967-481a-b07f-1c0be9f3e8e0.ogg
949,../Dataset/f89d9b40-2194-4408-bad8-3255c0e16ba8.ogg
950,../Dataset/f8c16c11-6cfb-44f9-9b7f-6054aff631ec.ogg
951,../Dataset/f8eaa097-8ff5-4550-bf74-6a7db0743a77.ogg
952,../Dataset/f8ec1064-b783-4d47-addb-675b17f7da50.ogg
953,../Dataset/f8efb720-02c9-4c11-94a8-2d186c41d5e4.ogg
954,../Dataset/f909ce5c-86ef-420c-ad88-3d81c8d6acb2.ogg
955,../Dataset/f966a79e-726e-496a-83a8-d6d6312e6c24.ogg
956,../Dataset/f9e6bb10-4bd8-47f4-a19e-127d42eb3856.ogg
957,../Dataset/f9f4b4ee-3cd8-4c70-845e-4d512602e923.ogg
958,../Dataset/fa1c9e18-1b1c-4eb6-9787-de2be83de907.ogg
959,../Dataset/fa22e1cf-4c6e-46ec-8a51-e64bb042bb5d.ogg
960,../Dataset/fa3bb6f5-9f4b-4c80-b836-8d2c2995c64e.ogg
961,../Dataset/fa4f5811-a50e-4e3b-a290-72469adc5cd7.ogg
962,../Dataset/fa85968c-216e-4934-88b9-79ed3f2097c6.ogg
963,../Dataset/fab2e9a6-2a81-4867-b1e9-9fa399ab6475.ogg
964,../Dataset/fad3aa40-0ee9-42b9-813e-266711e3dbdf.ogg
965,../Dataset/fafbe64d-8da4-4901-95a2-e0025771f446.ogg
966,../Dataset/fb07cc85-4342-48ab-a748-6f71ac975aff.ogg
967,../Dataset/fb514a8a-88db-4b2e-90b1-699f54cc95e1.ogg
968,../Dataset/fb75ed4a-50df-4f4f-9f52-d7e8841f54b7.ogg
969,../Dataset/fba55218-7cf9-4e31-9c40-b31fa1f72b55.ogg
970,../Dataset/fc1ae44d-e555-45f2-8d0e-3bffa1283e8f.ogg
971,../Dataset/fc6322de-16af-4b0a-8c19-8d16667a93d9.ogg
972,../Dataset/fcdb6ffc-ce69-49c8-9516-92ebbb529e11.ogg
973,../Dataset/fce59fbd-c24a-4bb5-8e9d-fed61407eaeb.ogg
974,../Dataset/fcefa0dd-81e5-4df7-8940-1ff10b9c4005.ogg
975,../Dataset/fd2c11e4-8f1e-4c23-9d95-3e51b3d86104.ogg
976,../Dataset/fd75e9b6-a79d-4f39-a845-efdfff6b323b.ogg
977,../Dataset/fddef517-912c-4609-9321-19c11a22abd9.ogg
978,../Dataset/fde6e589-f1fb-4657-a98b-1dff064e821b.ogg
979,../Dataset/fe80e708-b652-410c-a3db-f16d102765e8.ogg
